{"_step":188752,"Epoch":2,"avg loss in epoch":36.75806059923266,"batch_size":2,"dev loss after epoch":0.2484457724793008,"_wandb":{"runtime":9563},"_timestamp":1.7321786174488163e+09,"_runtime":9061.48834622}