{"_wandb":{"runtime":6808},"_timestamp":1.7320905658559036e+09,"_runtime":6039.845911094,"_step":150999,"Epoch":1,"avg loss in epoch":42.83265713187352,"batch_size":1}