{"_timestamp":1.732069029442256e+09,"_runtime":879.376071874,"_step":22319,"Epoch":0,"loss":166.53407287597656,"batch_size":1,"_wandb":{"runtime":879}}