{"_step":213916,"_wandb":{"runtime":13355},"Epoch":3,"avg loss in epoch":33.606073344553806,"batch_size":3,"_timestamp":1.7320823491662e+09,"_runtime":12405.727276283}