{"_timestamp":1.7322220215061102e+09,"_runtime":18002.771907354,"_step":247897,"Epoch":5,"dev loss after epoch":0.24573502749681464,"_wandb":{"runtime":18494},"avg loss in epoch":21.603210429902123,"batch_size":5}