{"batch_size":1,"_wandb":{"runtime":6533},"_timestamp":1.732097698539582e+09,"_runtime":5815.12597731,"_step":150999,"Epoch":1,"avg loss in epoch":42.595762089576944}